Source,Facebook,Twitter,Reddit,Other
New York Times,0.2078977333,0.2927600131,0.1924070486,0.2412102813
CNN,0.1741328045,0.177121742,0.2482692242,0.1530853953
MSNBC,0.003460573065,0.002415762485,0.004463372311,0.0008143723568
Huffington Post,0.05486951178,0.01779744066,0.02495250564,0.02801305252
Wall Street Journal,0.03321611703,0.06098430668,0.01104845842,0.05145646829
The Washington Times,0.02081821847,0.01661356406,0.01593362302,0.004433216825
Fox News,0.1270060903,0.05998136744,0.1304916206,0.116033594
Daily Wire,0.0922591311,0.02835483699,0.01247939495,0.009395792815
Associated Press,0.01360318782,0.04182412338,0.01793952645,0.03076883122
Bloomberg,0.03411144685,0.0786801579,0.05165024138,0.1613569496
The Economist,0.01969013624,0.01645864472,0.007554504669,0.02653691417
The Guardian,0.2073390061,0.1898387641,0.273927682,0.1663754416
Alternet,0.005500264652,0.003688981546,0.003830720753,0.002322009573
Patribotics,0.00009960698702,0.001459288845,0.00003450353861,0.00003028946258
National Enquirer,0.00004922525604,0.000750586238,0.0004272237492,0.0002399763955
Worldtruth,0.0002627585872,0.0002894324601,0,0.0003040656008
Infowars,0.005678707389,0.01096073824,0.004590349784,0.007609371661
NRA,0.000005480628604,0.00002024909717,0,0.0000139772746
