Source,Facebook,Twitter,Reddit,Other
New York Times,0.2225230433,0.3133552639,0.205942611,0.2581790818
CNN,0.2313721549,0.2353435887,0.3298780235,0.2034062329
MSNBC,0.3102517642,0.2165810571,0.4001560168,0.07301116191
Huffington Post,0.4367461218,0.1416627,0.1986150362,0.2229761419
Wall Street Journal,0.2119654303,0.3891654402,0.07050466616,0.3283644633
The Washington Times,0.3601853749,0.2874387551,0.2756747889,0.07670108116
Fox News,0.2929697294,0.1383612781,0.3010099333,0.2676590592
Daily Wire,0.6474817718,0.1989964557,0.0875813663,0.06594040619
Associated Press,0.1306294756,0.4016311014,0.172270718,0.295468705
Bloomberg,0.1047009605,0.2414992288,0.1585341691,0.4952656416
The Economist,0.2803257436,0.2343194462,0.1075524371,0.3778023731
The Guardian,0.2475746105,0.2266783225,0.3270852912,0.1986617759
Alternet,0.3585108244,0.2404502145,0.2496888681,0.1513500929
Patribotics,0.06134610585,0.89874908,0.02125009294,0.01865472125
National Enquirer,0.03355478221,0.5116430014,0.2912204224,0.1635817939
Worldtruth,0.3068689601,0.3380206866,0,0.3551103533
Infowars,0.1969095492,0.3800643137,0.1591706782,0.2638554588
NRA,0.1380267598,0.5099629028,0,0.3520103373
